agent,total_return,annual_return,annual_volatility,sharpe,max_drawdown,days
LowVolatilityAgent,0.6426586036999986,0.1734383006380822,0.17873461152092116,0.9703677377438503,-0.16110414840211507,782
DynamicTeamAgent,0.520151459,0.14449304315915268,0.1653227816915659,0.8740056372189879,-0.17927027183017474,782
CommitteeTeamAgent,0.520151459,0.14449304315915268,0.1653227816915659,0.8740056372189879,-0.17927027183017474,782
MomentumAgent,0.49001392409999966,0.13713150880509994,0.188718795293588,0.7266446810015175,-0.15444812753456805,782
DrawdownBuyerAgent,0.3871817342999999,0.1112264410310142,0.18135864677371252,0.6132954949194966,-0.22360534048828107,782
RandomAgent,0.1955030412999994,0.059231183770588114,0.15802702488650014,0.3748167999310863,-0.21157270376848136,782
MeanReversionAgent,0.11084864410000095,0.034456701076080565,0.17230059273874393,0.19998016564183616,-0.26813761984185824,782
